Draw_Date,Day_of_Week,Month,Prize_1,Last_2,First_3,Last_3,Source_URL
2006-12-30,Saturday,12,778584,07,,"164,403,811,971",https://raw.githubusercontent.com/heart/Data-Set-Thai-Lotto/master/lotto.csv
2007-01-16,Tuesday,1,838739,54,,"263,293,803,845",https://raw.githubusercontent.com/heart/Data-Set-Thai-Lotto/master/lotto.csv
2007-02-01,Thursday,2,769925,56,,"239,287,865,893",https://raw.githubusercontent.com/heart/Data-Set-Thai-Lotto/master/lotto.csv
2007-02-16,Friday,2,277859,95,,"384,607,625,979",https://raw.githubusercontent.com/heart/Data-Set-Thai-Lotto/master/lotto.csv
2007-03-01,Thursday,3,742425,61,,"294,801,942,949",https://raw.githubusercontent.com/heart/Data-Set-Thai-Lotto/master/lotto.csv
2007-03-16,Friday,3,876763,85,,"001,191,350,906",https://raw.githubusercontent.com/heart/Data-Set-Thai-Lotto/master/lotto.csv
2007-04-01,Sunday,4,622780,93,,"022,677,794,814",https://raw.githubusercontent.com/heart/Data-Set-Thai-Lotto/master/lotto.csv
2007-04-16,Monday,4,405105,63,,"013,522,866,987",https://raw.githubusercontent.com/heart/Data-Set-Thai-Lotto/master/lotto.csv
2007-05-02,Wednesday,5,430374,81,,"442,553,729,881",https://raw.githubusercontent.com/heart/Data-Set-Thai-Lotto/master/lotto.csv
2007-05-16,Wednesday,5,232897,25,,"585,751,858,924",https://raw.githubusercontent.com/heart/Data-Set-Thai-Lotto/master/lotto.csv
2007-06-01,Friday,6,836393,05,,"242,433,523,739",https://raw.githubusercontent.com/heart/Data-Set-Thai-Lotto/master/lotto.csv
2007-06-16,Saturday,6,393194,41,,"424,589,907,989",https://raw.githubusercontent.com/heart/Data-Set-Thai-Lotto/master/lotto.csv
2007-07-01,Sunday,7,565151,76,,"146,287,638,949",https://raw.githubusercontent.com/heart/Data-Set-Thai-Lotto/master/lotto.csv
2007-07-16,Monday,7,527384,77,,"105,183,334,947",https://raw.githubusercontent.com/heart/Data-Set-Thai-Lotto/master/lotto.csv
2007-08-01,Wednesday,8,429924,29,,"006,048,885,962",https://raw.githubusercontent.com/heart/Data-Set-Thai-Lotto/master/lotto.csv
2007-08-16,Thursday,8,476207,93,,"234,236,312,424",https://raw.githubusercontent.com/heart/Data-Set-Thai-Lotto/master/lotto.csv
2007-09-01,Saturday,9,331810,69,,"293,505,518,520",https://raw.githubusercontent.com/heart/Data-Set-Thai-Lotto/master/lotto.csv
2007-09-16,Sunday,9,499336,45,,"247,273,604,608",https://raw.githubusercontent.com/heart/Data-Set-Thai-Lotto/master/lotto.csv
2007-10-01,Monday,10,430667,76,,"090,104,126,667",https://raw.githubusercontent.com/heart/Data-Set-Thai-Lotto/master/lotto.csv
2007-10-16,Tuesday,10,032988,48,,"158,663,685,846",https://raw.githubusercontent.com/heart/Data-Set-Thai-Lotto/master/lotto.csv
2007-11-01,Thursday,11,927907,88,,"213,277,524,648",https://raw.githubusercontent.com/heart/Data-Set-Thai-Lotto/master/lotto.csv
2007-11-16,Friday,11,562481,73,,"130,198,752,844",https://raw.githubusercontent.com/heart/Data-Set-Thai-Lotto/master/lotto.csv
2007-12-16,Sunday,12,513501,96,,"425,432,460,702",https://raw.githubusercontent.com/heart/Data-Set-Thai-Lotto/master/lotto.csv
2007-12-30,Sunday,12,595411,81,,"267,490,741,787",https://raw.githubusercontent.com/heart/Data-Set-Thai-Lotto/master/lotto.csv
2008-01-16,Wednesday,1,556010,81,,"413,548,942,965",https://raw.githubusercontent.com/heart/Data-Set-Thai-Lotto/master/lotto.csv
2008-02-01,Friday,2,212684,26,,"311,472,732,796",https://raw.githubusercontent.com/heart/Data-Set-Thai-Lotto/master/lotto.csv
2008-02-16,Saturday,2,137054,80,,"344,512,630,892",https://raw.githubusercontent.com/heart/Data-Set-Thai-Lotto/master/lotto.csv
2008-03-01,Saturday,3,936685,05,,"056,085,371,691",https://raw.githubusercontent.com/heart/Data-Set-Thai-Lotto/master/lotto.csv
2008-03-16,Sunday,3,074946,33,,"077,974,085,158",https://raw.githubusercontent.com/heart/Data-Set-Thai-Lotto/master/lotto.csv
2008-04-01,Tuesday,4,012653,71,,"124,195,200,586",https://raw.githubusercontent.com/heart/Data-Set-Thai-Lotto/master/lotto.csv
2008-04-16,Wednesday,4,982800,64,,"008,043,584,802",https://raw.githubusercontent.com/heart/Data-Set-Thai-Lotto/master/lotto.csv
2008-05-02,Friday,5,453011,62,,"001,133,001,792",https://raw.githubusercontent.com/heart/Data-Set-Thai-Lotto/master/lotto.csv
2008-05-16,Friday,5,329231,69,,"193,120,355,214",https://raw.githubusercontent.com/heart/Data-Set-Thai-Lotto/master/lotto.csv
2008-06-01,Sunday,6,414875,35,,"370,666,747,916",https://raw.githubusercontent.com/heart/Data-Set-Thai-Lotto/master/lotto.csv
2008-06-16,Monday,6,729111,75,,"339,345,639,870",https://raw.githubusercontent.com/heart/Data-Set-Thai-Lotto/master/lotto.csv
2008-07-01,Tuesday,7,943671,50,,"096,287,490,523",https://raw.githubusercontent.com/heart/Data-Set-Thai-Lotto/master/lotto.csv
2008-07-16,Wednesday,7,257374,41,,"344,401,486,576",https://raw.githubusercontent.com/heart/Data-Set-Thai-Lotto/master/lotto.csv
2008-08-01,Friday,8,850348,11,,"236,386,408,913",https://raw.githubusercontent.com/heart/Data-Set-Thai-Lotto/master/lotto.csv
2008-08-16,Saturday,8,380377,36,,"161,445,457,744",https://raw.githubusercontent.com/heart/Data-Set-Thai-Lotto/master/lotto.csv
2008-09-01,Monday,9,695993,09,,"027,206,413,904",https://raw.githubusercontent.com/heart/Data-Set-Thai-Lotto/master/lotto.csv
2008-09-16,Tuesday,9,012377,56,,"378,534,557,691",https://raw.githubusercontent.com/heart/Data-Set-Thai-Lotto/master/lotto.csv
2008-10-01,Wednesday,10,882911,67,,"204,302,311,395",https://raw.githubusercontent.com/heart/Data-Set-Thai-Lotto/master/lotto.csv
2008-10-16,Thursday,10,431277,98,,"324,526,644,648",https://raw.githubusercontent.com/heart/Data-Set-Thai-Lotto/master/lotto.csv
2008-11-01,Saturday,11,272028,76,,"285,333,421,929",https://raw.githubusercontent.com/heart/Data-Set-Thai-Lotto/master/lotto.csv
2008-11-16,Sunday,11,002612,20,,"068,589,824,877",https://raw.githubusercontent.com/heart/Data-Set-Thai-Lotto/master/lotto.csv
2008-12-01,Monday,12,205434,05,,"013,260,617,957",https://raw.githubusercontent.com/heart/Data-Set-Thai-Lotto/master/lotto.csv
2008-12-16,Tuesday,12,074114,25,,"305,715,803,959",https://raw.githubusercontent.com/heart/Data-Set-Thai-Lotto/master/lotto.csv
2008-12-30,Tuesday,12,218596,22,,"094,197,831,984",https://raw.githubusercontent.com/heart/Data-Set-Thai-Lotto/master/lotto.csv
2009-01-16,Friday,1,743212,25,,"266,800,842,885",https://raw.githubusercontent.com/heart/Data-Set-Thai-Lotto/master/lotto.csv
2009-02-01,Sunday,2,534533,69,,"015,427,660,777",https://raw.githubusercontent.com/heart/Data-Set-Thai-Lotto/master/lotto.csv
2009-02-16,Monday,2,038730,93,,"115,434,939,961",https://raw.githubusercontent.com/heart/Data-Set-Thai-Lotto/master/lotto.csv
2009-03-01,Sunday,3,553091,67,,"224,238,295,665",https://raw.githubusercontent.com/heart/Data-Set-Thai-Lotto/master/lotto.csv
2009-03-16,Monday,3,268812,36,,"063,228,424,929",https://raw.githubusercontent.com/heart/Data-Set-Thai-Lotto/master/lotto.csv
2009-04-01,Wednesday,4,816578,50,,"044,113,363,572",https://raw.githubusercontent.com/heart/Data-Set-Thai-Lotto/master/lotto.csv
2009-04-16,Thursday,4,368415,33,,"007,179,570,954",https://raw.githubusercontent.com/heart/Data-Set-Thai-Lotto/master/lotto.csv
2009-05-02,Saturday,5,294452,11,,"222,301,549,947",https://raw.githubusercontent.com/heart/Data-Set-Thai-Lotto/master/lotto.csv
2009-05-16,Saturday,5,111411,54,,"362,368,838,892",https://raw.githubusercontent.com/heart/Data-Set-Thai-Lotto/master/lotto.csv
2009-06-01,Monday,6,777661,26,,"097,240,242,642",https://raw.githubusercontent.com/heart/Data-Set-Thai-Lotto/master/lotto.csv
2009-06-16,Tuesday,6,930456,15,,"044,125,179,954",https://raw.githubusercontent.com/heart/Data-Set-Thai-Lotto/master/lotto.csv
2009-07-01,Wednesday,7,207542,66,,"107,233,385,799",https://raw.githubusercontent.com/heart/Data-Set-Thai-Lotto/master/lotto.csv
2009-07-16,Thursday,7,000816,94,,"005,177,356,836",https://raw.githubusercontent.com/heart/Data-Set-Thai-Lotto/master/lotto.csv
2009-08-01,Saturday,8,154986,92,,"239,374,421,688",https://raw.githubusercontent.com/heart/Data-Set-Thai-Lotto/master/lotto.csv
2009-08-16,Sunday,8,462933,96,,"292,577,658,843",https://raw.githubusercontent.com/heart/Data-Set-Thai-Lotto/master/lotto.csv
2009-09-01,Tuesday,9,015865,32,,"435,446,447,924",https://raw.githubusercontent.com/heart/Data-Set-Thai-Lotto/master/lotto.csv
2009-09-16,Wednesday,9,202912,48,,"166,200,353,539",https://raw.githubusercontent.com/heart/Data-Set-Thai-Lotto/master/lotto.csv
2009-10-01,Thursday,10,169387,06,,"255,714,435,249",https://raw.githubusercontent.com/heart/Data-Set-Thai-Lotto/master/lotto.csv
2009-10-16,Friday,10,258487,00,,"122,135,174,226",https://raw.githubusercontent.com/heart/Data-Set-Thai-Lotto/master/lotto.csv
2009-11-01,Sunday,11,689140,85,,"366,465,642,923",https://raw.githubusercontent.com/heart/Data-Set-Thai-Lotto/master/lotto.csv
2009-11-16,Monday,11,055986,58,,"072,299,536,952",https://raw.githubusercontent.com/heart/Data-Set-Thai-Lotto/master/lotto.csv
2009-12-01,Tuesday,12,776980,59,,"188,252,412,937",https://raw.githubusercontent.com/heart/Data-Set-Thai-Lotto/master/lotto.csv
2009-12-16,Wednesday,12,685141,05,,"142,524,694,775",https://raw.githubusercontent.com/heart/Data-Set-Thai-Lotto/master/lotto.csv
2009-12-30,Wednesday,12,994304,87,,"337,419,598,993",https://raw.githubusercontent.com/heart/Data-Set-Thai-Lotto/master/lotto.csv
2010-01-16,Saturday,1,073577,67,,"413,459,646,781",https://raw.githubusercontent.com/heart/Data-Set-Thai-Lotto/master/lotto.csv
2010-02-01,Monday,2,186312,14,,"403,577,694,936",https://raw.githubusercontent.com/heart/Data-Set-Thai-Lotto/master/lotto.csv
2010-02-16,Tuesday,2,133707,03,,"026,137,362,985",https://raw.githubusercontent.com/heart/Data-Set-Thai-Lotto/master/lotto.csv
2010-03-01,Monday,3,215227,97,,"457,627,374,470",https://raw.githubusercontent.com/heart/Data-Set-Thai-Lotto/master/lotto.csv
2010-03-16,Tuesday,3,364222,97,,"229,619,756,996",https://raw.githubusercontent.com/heart/Data-Set-Thai-Lotto/master/lotto.csv
2010-04-01,Thursday,4,959517,22,,"040,174,447,663",https://raw.githubusercontent.com/heart/Data-Set-Thai-Lotto/master/lotto.csv
2010-04-16,Friday,4,211743,96,,"154,285,744,811",https://raw.githubusercontent.com/heart/Data-Set-Thai-Lotto/master/lotto.csv
2010-05-02,Sunday,5,360371,06,,"040,382,517,618",https://raw.githubusercontent.com/heart/Data-Set-Thai-Lotto/master/lotto.csv
2010-05-16,Sunday,5,480012,12,,"008,151,293,770",https://raw.githubusercontent.com/heart/Data-Set-Thai-Lotto/master/lotto.csv
2010-06-01,Tuesday,6,444874,81,,"298,374,673,996",https://raw.githubusercontent.com/heart/Data-Set-Thai-Lotto/master/lotto.csv
2010-06-16,Wednesday,6,500104,73,,"200,628,681,816",https://raw.githubusercontent.com/heart/Data-Set-Thai-Lotto/master/lotto.csv
2010-07-01,Thursday,7,480239,68,,"450,893,918,961",https://raw.githubusercontent.com/heart/Data-Set-Thai-Lotto/master/lotto.csv
2010-07-16,Friday,7,180387,34,,"024,219,309,572",https://raw.githubusercontent.com/heart/Data-Set-Thai-Lotto/master/lotto.csv
2010-08-01,Sunday,8,210008,10,,"182,191,727,769",https://raw.githubusercontent.com/heart/Data-Set-Thai-Lotto/master/lotto.csv
2010-08-16,Monday,8,911097,64,,"448,578,689,986",https://raw.githubusercontent.com/heart/Data-Set-Thai-Lotto/master/lotto.csv
2010-09-01,Wednesday,9,354656,11,,"096,570,656,784",https://raw.githubusercontent.com/heart/Data-Set-Thai-Lotto/master/lotto.csv
2010-09-16,Thursday,9,017422,66,,"103,316,431,075",https://raw.githubusercontent.com/heart/Data-Set-Thai-Lotto/master/lotto.csv
2010-10-01,Friday,10,488372,02,,"003,091,246,996",https://raw.githubusercontent.com/heart/Data-Set-Thai-Lotto/master/lotto.csv
2010-10-16,Saturday,10,621377,42,,"310,385,518,872",https://raw.githubusercontent.com/heart/Data-Set-Thai-Lotto/master/lotto.csv
2010-11-01,Monday,11,191100,59,,"653,739,801,968",https://raw.githubusercontent.com/heart/Data-Set-Thai-Lotto/master/lotto.csv
2010-11-16,Tuesday,11,813993,43,,"129,763,907,979",https://raw.githubusercontent.com/heart/Data-Set-Thai-Lotto/master/lotto.csv
2010-12-01,Wednesday,12,181752,09,,"086,470,474,664",https://raw.githubusercontent.com/heart/Data-Set-Thai-Lotto/master/lotto.csv
2010-12-16,Thursday,12,334380,24,,"306,315,529,533",https://raw.githubusercontent.com/heart/Data-Set-Thai-Lotto/master/lotto.csv
2010-12-30,Thursday,12,884112,49,,"153,186,933,936",https://raw.githubusercontent.com/heart/Data-Set-Thai-Lotto/master/lotto.csv
2011-01-16,Sunday,1,281062,23,,"185,227,546,758",https://raw.githubusercontent.com/heart/Data-Set-Thai-Lotto/master/lotto.csv
2011-02-01,Tuesday,2,610089,55,,"121,361,432,596",https://raw.githubusercontent.com/heart/Data-Set-Thai-Lotto/master/lotto.csv
2011-02-16,Wednesday,2,481746,27,,"384,388,510,535",https://raw.githubusercontent.com/heart/Data-Set-Thai-Lotto/master/lotto.csv
2011-03-16,Wednesday,3,593331,96,,"209,463,737,945",https://raw.githubusercontent.com/heart/Data-Set-Thai-Lotto/master/lotto.csv
2011-04-01,Friday,4,814931,01,,"723,584,040,036",https://raw.githubusercontent.com/heart/Data-Set-Thai-Lotto/master/lotto.csv
2011-04-16,Saturday,4,825988,44,,"263,213,397,593",https://raw.githubusercontent.com/heart/Data-Set-Thai-Lotto/master/lotto.csv
2011-05-02,Monday,5,054136,85,,"133,421,524,945",https://raw.githubusercontent.com/heart/Data-Set-Thai-Lotto/master/lotto.csv
2011-05-16,Monday,5,406417,05,,"044,071,700,889",https://raw.githubusercontent.com/heart/Data-Set-Thai-Lotto/master/lotto.csv
2011-06-01,Wednesday,6,562370,46,,"346,556,656,801",https://raw.githubusercontent.com/heart/Data-Set-Thai-Lotto/master/lotto.csv
2011-06-16,Thursday,6,351276,88,,"486,167,162,582",https://raw.githubusercontent.com/heart/Data-Set-Thai-Lotto/master/lotto.csv
2011-07-01,Friday,7,622953,51,,"390,160,780,463",https://raw.githubusercontent.com/heart/Data-Set-Thai-Lotto/master/lotto.csv
2011-07-16,Saturday,7,116556,12,,"052,227,534,609",https://raw.githubusercontent.com/heart/Data-Set-Thai-Lotto/master/lotto.csv
2011-08-01,Monday,8,218756,12,,"221,583,660,703",https://raw.githubusercontent.com/heart/Data-Set-Thai-Lotto/master/lotto.csv
2011-08-16,Tuesday,8,536960,62,,"814,345,074,005",https://raw.githubusercontent.com/heart/Data-Set-Thai-Lotto/master/lotto.csv
2011-09-01,Thursday,9,724533,85,,"847,021,533,821",https://raw.githubusercontent.com/heart/Data-Set-Thai-Lotto/master/lotto.csv
2011-09-16,Friday,9,731198,28,,"384,645,812,589",https://raw.githubusercontent.com/heart/Data-Set-Thai-Lotto/master/lotto.csv
2011-10-01,Saturday,10,511052,15,,"104,189,499,957",https://raw.githubusercontent.com/heart/Data-Set-Thai-Lotto/master/lotto.csv
2011-10-16,Sunday,10,955756,83,,"057,329,507,991",https://raw.githubusercontent.com/heart/Data-Set-Thai-Lotto/master/lotto.csv
2011-11-01,Tuesday,11,805540,54,,"065,221,380,771",https://raw.githubusercontent.com/heart/Data-Set-Thai-Lotto/master/lotto.csv
2011-11-16,Wednesday,11,997777,57,,"425,551,406,993",https://raw.githubusercontent.com/heart/Data-Set-Thai-Lotto/master/lotto.csv
2011-12-01,Thursday,12,408147,02,,"922,253,857,739",https://raw.githubusercontent.com/heart/Data-Set-Thai-Lotto/master/lotto.csv
2011-12-16,Friday,12,884178,21,,"784,235,295,651",https://raw.githubusercontent.com/heart/Data-Set-Thai-Lotto/master/lotto.csv
2011-12-30,Friday,12,526402,65,,"168,026,541,597",https://raw.githubusercontent.com/heart/Data-Set-Thai-Lotto/master/lotto.csv
2012-01-16,Monday,1,451445,81,,"328,150,941,639",https://raw.githubusercontent.com/heart/Data-Set-Thai-Lotto/master/lotto.csv
2012-02-01,Wednesday,2,320605,32,,"426,498,598,749",https://raw.githubusercontent.com/heart/Data-Set-Thai-Lotto/master/lotto.csv
2012-02-16,Thursday,2,648684,18,,"906,214,111,420",https://raw.githubusercontent.com/heart/Data-Set-Thai-Lotto/master/lotto.csv
2012-03-01,Thursday,3,222518,79,,"295,135,711,199",https://raw.githubusercontent.com/heart/Data-Set-Thai-Lotto/master/lotto.csv
2012-03-16,Friday,3,607064,08,,"333,350,573,606",https://raw.githubusercontent.com/heart/Data-Set-Thai-Lotto/master/lotto.csv
2012-04-01,Sunday,4,257562,69,,"074,332,581,616",https://raw.githubusercontent.com/heart/Data-Set-Thai-Lotto/master/lotto.csv
2012-04-16,Monday,4,583470,62,,"088,216,722,754",https://raw.githubusercontent.com/heart/Data-Set-Thai-Lotto/master/lotto.csv
2012-05-02,Wednesday,5,889501,29,,"589,597,426,468",https://raw.githubusercontent.com/heart/Data-Set-Thai-Lotto/master/lotto.csv
2012-05-16,Wednesday,5,814418,31,,"504,309,902,101",https://raw.githubusercontent.com/heart/Data-Set-Thai-Lotto/master/lotto.csv
2012-06-01,Friday,6,882727,38,,"606,576,895,399",https://raw.githubusercontent.com/heart/Data-Set-Thai-Lotto/master/lotto.csv
2012-06-16,Saturday,6,159373,51,,"238,479,547,790",https://raw.githubusercontent.com/heart/Data-Set-Thai-Lotto/master/lotto.csv
2012-07-01,Sunday,7,915900,60,,"715,656,530,611",https://raw.githubusercontent.com/heart/Data-Set-Thai-Lotto/master/lotto.csv
2012-07-16,Monday,7,904050,11,,"897,224,159,042",https://raw.githubusercontent.com/heart/Data-Set-Thai-Lotto/master/lotto.csv
2012-08-01,Wednesday,8,895590,50,,"820,599,796,745",https://raw.githubusercontent.com/heart/Data-Set-Thai-Lotto/master/lotto.csv
2012-08-16,Thursday,8,683877,28,,"032,612,730,775",https://raw.githubusercontent.com/heart/Data-Set-Thai-Lotto/master/lotto.csv
2012-09-01,Saturday,9,329997,07,,"148,598,639,736",https://raw.githubusercontent.com/heart/Data-Set-Thai-Lotto/master/lotto.csv
2012-09-16,Sunday,9,540143,79,,"123,242,752,770",https://raw.githubusercontent.com/heart/Data-Set-Thai-Lotto/master/lotto.csv
2012-10-01,Monday,10,124025,58,,"940,554,291,873",https://raw.githubusercontent.com/heart/Data-Set-Thai-Lotto/master/lotto.csv
2012-10-16,Tuesday,10,281343,28,,"089,152,396,868",https://raw.githubusercontent.com/heart/Data-Set-Thai-Lotto/master/lotto.csv
2012-11-01,Thursday,11,524694,63,,"217,188,285,338",https://raw.githubusercontent.com/heart/Data-Set-Thai-Lotto/master/lotto.csv
2012-11-16,Friday,11,639500,15,,"576,560,804,627",https://raw.githubusercontent.com/heart/Data-Set-Thai-Lotto/master/lotto.csv
2012-12-01,Saturday,12,110443,43,,"434,553,489,303",https://raw.githubusercontent.com/heart/Data-Set-Thai-Lotto/master/lotto.csv
2012-12-16,Sunday,12,529524,72,,"734,745,778,008",https://raw.githubusercontent.com/heart/Data-Set-Thai-Lotto/master/lotto.csv
2012-12-30,Sunday,12,302358,00,,"589,864,126,832",https://raw.githubusercontent.com/heart/Data-Set-Thai-Lotto/master/lotto.csv
2013-01-16,Wednesday,1,820981,08,,"555,196,374,334",https://raw.githubusercontent.com/heart/Data-Set-Thai-Lotto/master/lotto.csv
2013-02-01,Friday,2,565566,66,,"452,695,641,782",https://raw.githubusercontent.com/heart/Data-Set-Thai-Lotto/master/lotto.csv
2013-02-16,Saturday,2,368257,09,,"657,708,109,386",https://raw.githubusercontent.com/heart/Data-Set-Thai-Lotto/master/lotto.csv
2013-03-01,Friday,3,976241,37,,"972,721,133,775",https://raw.githubusercontent.com/heart/Data-Set-Thai-Lotto/master/lotto.csv
2013-03-16,Saturday,3,968433,52,,"860,959,175,529",https://raw.githubusercontent.com/heart/Data-Set-Thai-Lotto/master/lotto.csv
2013-04-01,Monday,4,571688,53,,"170,430,670,725",https://raw.githubusercontent.com/heart/Data-Set-Thai-Lotto/master/lotto.csv
2013-04-16,Tuesday,4,843846,86,,"834,862,906,828",https://raw.githubusercontent.com/heart/Data-Set-Thai-Lotto/master/lotto.csv
2013-05-02,Thursday,5,603458,07,,"272,359,516,830",https://raw.githubusercontent.com/heart/Data-Set-Thai-Lotto/master/lotto.csv
2013-05-16,Thursday,5,687125,56,,"034,261,390,945",https://raw.githubusercontent.com/heart/Data-Set-Thai-Lotto/master/lotto.csv
2013-06-01,Saturday,6,935489,90,,"480,713,716,768",https://raw.githubusercontent.com/heart/Data-Set-Thai-Lotto/master/lotto.csv
2013-06-16,Sunday,6,289673,69,,"390,098,114,502",https://raw.githubusercontent.com/heart/Data-Set-Thai-Lotto/master/lotto.csv
2013-07-01,Monday,7,646905,51,,"075,284,903,904",https://raw.githubusercontent.com/heart/Data-Set-Thai-Lotto/master/lotto.csv
2013-07-16,Tuesday,7,566996,86,,"352,210,584,526",https://raw.githubusercontent.com/heart/Data-Set-Thai-Lotto/master/lotto.csv
2013-08-01,Thursday,8,356435,82,,"880,451,718,329",https://raw.githubusercontent.com/heart/Data-Set-Thai-Lotto/master/lotto.csv
2013-08-16,Friday,8,321327,20,,"417,945,448,201",https://raw.githubusercontent.com/heart/Data-Set-Thai-Lotto/master/lotto.csv
2013-09-01,Sunday,9,548123,05,,"281,570,800,045",https://raw.githubusercontent.com/heart/Data-Set-Thai-Lotto/master/lotto.csv
2013-09-16,Monday,9,562684,63,,"056,235,574,754",https://raw.githubusercontent.com/heart/Data-Set-Thai-Lotto/master/lotto.csv
2013-10-01,Tuesday,10,647882,14,,"576,324,650,028",https://raw.githubusercontent.com/heart/Data-Set-Thai-Lotto/master/lotto.csv
2013-10-16,Wednesday,10,963289,60,,"402,529,876,952",https://raw.githubusercontent.com/heart/Data-Set-Thai-Lotto/master/lotto.csv
2013-11-01,Friday,11,739804,47,,"502,020,256,173",https://raw.githubusercontent.com/heart/Data-Set-Thai-Lotto/master/lotto.csv
2013-11-16,Saturday,11,806925,28,,"069,304,672,753",https://raw.githubusercontent.com/heart/Data-Set-Thai-Lotto/master/lotto.csv
2013-12-01,Sunday,12,168795,27,,"734,766,074,980",https://raw.githubusercontent.com/heart/Data-Set-Thai-Lotto/master/lotto.csv
2013-12-16,Monday,12,341767,79,,"111,228,742,826",https://raw.githubusercontent.com/heart/Data-Set-Thai-Lotto/master/lotto.csv
2013-12-30,Monday,12,561072,48,,"513,750,503,275",https://raw.githubusercontent.com/heart/Data-Set-Thai-Lotto/master/lotto.csv
2014-01-16,Thursday,1,306902,52,,"077,149,242,510",https://raw.githubusercontent.com/heart/Data-Set-Thai-Lotto/master/lotto.csv
2014-02-01,Saturday,2,180149,95,,"406,492,888,976",https://raw.githubusercontent.com/heart/Data-Set-Thai-Lotto/master/lotto.csv
2014-02-16,Sunday,2,384245,01,,"397,530,074,521",https://raw.githubusercontent.com/heart/Data-Set-Thai-Lotto/master/lotto.csv
2014-03-01,Saturday,3,906318,35,,"116,537,753,798",https://raw.githubusercontent.com/heart/Data-Set-Thai-Lotto/master/lotto.csv
2014-03-16,Sunday,3,531404,79,,"250,305,400,904",https://raw.githubusercontent.com/heart/Data-Set-Thai-Lotto/master/lotto.csv
2014-04-01,Tuesday,4,028866,95,,"186,499,835,938",https://raw.githubusercontent.com/heart/Data-Set-Thai-Lotto/master/lotto.csv
2014-04-16,Wednesday,4,153406,26,,"344,013,355,634",https://raw.githubusercontent.com/heart/Data-Set-Thai-Lotto/master/lotto.csv
2014-05-02,Friday,5,103297,52,,"143,158,673,797",https://raw.githubusercontent.com/heart/Data-Set-Thai-Lotto/master/lotto.csv
2014-05-16,Friday,5,087523,20,,"150,505,112,246",https://raw.githubusercontent.com/heart/Data-Set-Thai-Lotto/master/lotto.csv
2014-06-01,Sunday,6,781198,18,,"160,324,409,636",https://raw.githubusercontent.com/heart/Data-Set-Thai-Lotto/master/lotto.csv
2014-06-16,Monday,6,673920,95,,"158,140,639,576",https://raw.githubusercontent.com/heart/Data-Set-Thai-Lotto/master/lotto.csv
2014-07-01,Tuesday,7,378477,39,,"123,271,441,864",https://raw.githubusercontent.com/heart/Data-Set-Thai-Lotto/master/lotto.csv
2014-07-16,Wednesday,7,468728,45,,"104,944,117,205",https://raw.githubusercontent.com/heart/Data-Set-Thai-Lotto/master/lotto.csv
2014-08-01,Friday,8,766391,82,,"349,576,623,637",https://raw.githubusercontent.com/heart/Data-Set-Thai-Lotto/master/lotto.csv
2014-08-16,Saturday,8,662842,91,,"639,912,187,633",https://raw.githubusercontent.com/heart/Data-Set-Thai-Lotto/master/lotto.csv
2014-09-01,Monday,9,856763,22,,"308,912,477,490",https://raw.githubusercontent.com/heart/Data-Set-Thai-Lotto/master/lotto.csv
2014-09-16,Tuesday,9,772269,35,,"112,257,342,790",https://raw.githubusercontent.com/heart/Data-Set-Thai-Lotto/master/lotto.csv
2014-10-01,Wednesday,10,375615,44,,"251,086,159,520",https://raw.githubusercontent.com/heart/Data-Set-Thai-Lotto/master/lotto.csv
2014-10-16,Thursday,10,656409,94,,"647,784,848,910",https://raw.githubusercontent.com/heart/Data-Set-Thai-Lotto/master/lotto.csv
2014-11-01,Saturday,11,206608,44,,"607,203,855,979",https://raw.githubusercontent.com/heart/Data-Set-Thai-Lotto/master/lotto.csv
2014-11-16,Sunday,11,479804,25,,"179,422,480,709",https://raw.githubusercontent.com/heart/Data-Set-Thai-Lotto/master/lotto.csv
2014-12-01,Monday,12,480449,11,,"820,380,580,161",https://raw.githubusercontent.com/heart/Data-Set-Thai-Lotto/master/lotto.csv
2014-12-16,Tuesday,12,948354,90,,"080,763,775,901",https://raw.githubusercontent.com/heart/Data-Set-Thai-Lotto/master/lotto.csv
2014-12-30,Tuesday,12,461704,57,,"853,982,535,950",https://raw.githubusercontent.com/heart/Data-Set-Thai-Lotto/master/lotto.csv
2015-01-16,Friday,1,244351,74,,"068,398,595,877",https://raw.githubusercontent.com/heart/Data-Set-Thai-Lotto/master/lotto.csv
2015-02-01,Sunday,2,155537,79,,"083,286,813,008",https://raw.githubusercontent.com/heart/Data-Set-Thai-Lotto/master/lotto.csv
2015-02-16,Monday,2,001864,90,,"843,103,825,392",https://raw.githubusercontent.com/heart/Data-Set-Thai-Lotto/master/lotto.csv
2015-03-01,Sunday,3,240237,34,,"498,031,857,008",https://raw.githubusercontent.com/heart/Data-Set-Thai-Lotto/master/lotto.csv
2015-03-16,Monday,3,048151,92,,"339,622,623,757",https://raw.githubusercontent.com/heart/Data-Set-Thai-Lotto/master/lotto.csv
2015-04-01,Wednesday,4,605704,70,,"558,962,557,861",https://raw.githubusercontent.com/heart/Data-Set-Thai-Lotto/master/lotto.csv
2015-04-16,Thursday,4,506260,38,,"101,164,495,973",https://raw.githubusercontent.com/heart/Data-Set-Thai-Lotto/master/lotto.csv
2015-05-02,Saturday,5,543466,30,,"818,163,366,195",https://raw.githubusercontent.com/heart/Data-Set-Thai-Lotto/master/lotto.csv
2015-05-16,Saturday,5,011421,38,,"799,484,851,928",https://raw.githubusercontent.com/heart/Data-Set-Thai-Lotto/master/lotto.csv
2015-06-02,Tuesday,6,388881,65,,"314,700,876,969",https://raw.githubusercontent.com/heart/Data-Set-Thai-Lotto/master/lotto.csv
2015-06-16,Tuesday,6,644742,05,,"429,253,386,532",https://raw.githubusercontent.com/heart/Data-Set-Thai-Lotto/master/lotto.csv
2015-07-01,Wednesday,7,759049,26,,"565,814,081,567",https://raw.githubusercontent.com/heart/Data-Set-Thai-Lotto/master/lotto.csv
2015-07-16,Thursday,7,121507,49,,"761,461,830,294",https://raw.githubusercontent.com/heart/Data-Set-Thai-Lotto/master/lotto.csv
2015-08-01,Saturday,8,518677,53,,"333,598,648,889",https://raw.githubusercontent.com/heart/Data-Set-Thai-Lotto/master/lotto.csv
2015-08-16,Sunday,8,033363,40,,"781,227,624,648",https://raw.githubusercontent.com/heart/Data-Set-Thai-Lotto/master/lotto.csv
2015-09-01,Tuesday,9,021094,89,"260,403","068,819",https://raw.githubusercontent.com/heart/Data-Set-Thai-Lotto/master/lotto.csv
2015-09-16,Wednesday,9,743148,06,"435,209","375,084",https://raw.githubusercontent.com/heart/Data-Set-Thai-Lotto/master/lotto.csv
2015-10-01,Thursday,10,594825,07,"175,918","440,799",https://raw.githubusercontent.com/heart/Data-Set-Thai-Lotto/master/lotto.csv
2015-10-16,Friday,10,968630,62,"457,134","412,054",https://raw.githubusercontent.com/heart/Data-Set-Thai-Lotto/master/lotto.csv
2015-11-01,Sunday,11,361211,45,"106,757","166,473",https://raw.githubusercontent.com/heart/Data-Set-Thai-Lotto/master/lotto.csv
2015-11-16,Monday,11,795283,03,"241,028","643,802",https://raw.githubusercontent.com/heart/Data-Set-Thai-Lotto/master/lotto.csv
2015-12-01,Tuesday,12,915350,78,"238,181","714,175",https://raw.githubusercontent.com/heart/Data-Set-Thai-Lotto/master/lotto.csv
2015-12-17,Thursday,12,930255,08,"140,250","094,638",https://raw.githubusercontent.com/heart/Data-Set-Thai-Lotto/master/lotto.csv
2015-12-30,Wednesday,12,008217,02,"246,264","895,596",https://raw.githubusercontent.com/heart/Data-Set-Thai-Lotto/master/lotto.csv
2016-01-17,Sunday,1,304371,50,"031,532","786,743",https://raw.githubusercontent.com/heart/Data-Set-Thai-Lotto/master/lotto.csv
2016-02-01,Monday,2,927800,09,"625,999","054,076",https://raw.githubusercontent.com/heart/Data-Set-Thai-Lotto/master/lotto.csv
2016-02-16,Tuesday,2,356364,98,"699,312","309,535",https://raw.githubusercontent.com/heart/Data-Set-Thai-Lotto/master/lotto.csv
2016-03-01,Tuesday,3,439686,06,"530,426","155,743",https://raw.githubusercontent.com/heart/Data-Set-Thai-Lotto/master/lotto.csv
2016-03-16,Wednesday,3,134918,32,"877,855","973,004",https://raw.githubusercontent.com/heart/Data-Set-Thai-Lotto/master/lotto.csv
2016-04-01,Friday,4,066720,92,"546,390","285,852",https://raw.githubusercontent.com/heart/Data-Set-Thai-Lotto/master/lotto.csv
2016-04-16,Saturday,4,221609,87,"228,008","507,523",https://raw.githubusercontent.com/heart/Data-Set-Thai-Lotto/master/lotto.csv
2016-05-02,Monday,5,399459,02,"238,403","671,046",https://raw.githubusercontent.com/heart/Data-Set-Thai-Lotto/master/lotto.csv
2016-05-16,Monday,5,141737,98,"382,975","087,268",https://raw.githubusercontent.com/heart/Data-Set-Thai-Lotto/master/lotto.csv
2016-06-01,Wednesday,6,511825,14,"775,111","937,880",https://raw.githubusercontent.com/heart/Data-Set-Thai-Lotto/master/lotto.csv
2016-06-16,Thursday,6,073816,79,"804,251","749,321",https://raw.githubusercontent.com/heart/Data-Set-Thai-Lotto/master/lotto.csv
2016-07-01,Friday,7,082460,53,"169,609","173,302",https://raw.githubusercontent.com/heart/Data-Set-Thai-Lotto/master/lotto.csv
2016-07-16,Saturday,7,449764,55,"734,552","925,158",https://raw.githubusercontent.com/heart/Data-Set-Thai-Lotto/master/lotto.csv
2016-08-01,Monday,8,272932,57,"538,983","472,871",https://raw.githubusercontent.com/heart/Data-Set-Thai-Lotto/master/lotto.csv
2016-08-16,Tuesday,8,254004,33,"966,366","596,631",https://raw.githubusercontent.com/heart/Data-Set-Thai-Lotto/master/lotto.csv
2016-09-01,Thursday,9,638684,62,"334,335","630,669",https://raw.githubusercontent.com/heart/Data-Set-Thai-Lotto/master/lotto.csv
2016-09-16,Friday,9,240650,42,"583,493","043,160",https://raw.githubusercontent.com/heart/Data-Set-Thai-Lotto/master/lotto.csv
2016-10-01,Saturday,10,887102,33,"280,194","458,017",https://raw.githubusercontent.com/heart/Data-Set-Thai-Lotto/master/lotto.csv
2016-10-16,Sunday,10,571947,98,"692,885","032,587",https://raw.githubusercontent.com/heart/Data-Set-Thai-Lotto/master/lotto.csv
2016-11-01,Tuesday,11,785438,86,"976,824","752,038",https://raw.githubusercontent.com/heart/Data-Set-Thai-Lotto/master/lotto.csv
2016-11-16,Wednesday,11,858383,44,"682,040","570,558",https://raw.githubusercontent.com/heart/Data-Set-Thai-Lotto/master/lotto.csv
2016-12-01,Thursday,12,086069,77,"513,873","148,450",https://raw.githubusercontent.com/heart/Data-Set-Thai-Lotto/master/lotto.csv
2016-12-16,Friday,12,435286,35,"596,366","716,199",https://raw.githubusercontent.com/heart/Data-Set-Thai-Lotto/master/lotto.csv
2016-12-30,Friday,12,377712,46,"304,890","477,769",https://raw.githubusercontent.com/heart/Data-Set-Thai-Lotto/master/lotto.csv
2017-01-17,Tuesday,1,145157,25,"511,663","516,836",https://raw.githubusercontent.com/heart/Data-Set-Thai-Lotto/master/lotto.csv
2017-02-01,Wednesday,2,054672,42,"066,807","426,628",https://raw.githubusercontent.com/heart/Data-Set-Thai-Lotto/master/lotto.csv
2017-02-16,Thursday,2,229116,14,"128,464","375,953",https://raw.githubusercontent.com/heart/Data-Set-Thai-Lotto/master/lotto.csv
2017-03-01,Wednesday,3,978453,78,"450,560","052,577",https://raw.githubusercontent.com/heart/Data-Set-Thai-Lotto/master/lotto.csv
2017-03-16,Thursday,3,273863,92,"324,918","694,941",https://raw.githubusercontent.com/heart/Data-Set-Thai-Lotto/master/lotto.csv
2017-04-01,Saturday,4,392785,80,"020,057","500,709",https://raw.githubusercontent.com/heart/Data-Set-Thai-Lotto/master/lotto.csv
2017-04-16,Sunday,4,816729,40,"766,973","241,807",https://raw.githubusercontent.com/heart/Data-Set-Thai-Lotto/master/lotto.csv
2017-05-02,Tuesday,5,008656,35,"573,949","773,923",https://raw.githubusercontent.com/heart/Data-Set-Thai-Lotto/master/lotto.csv
2017-05-16,Tuesday,5,454891,53,"008,396","490,603",https://raw.githubusercontent.com/heart/Data-Set-Thai-Lotto/master/lotto.csv
2017-06-01,Thursday,6,053630,61,"121,218","581,881",https://raw.githubusercontent.com/heart/Data-Set-Thai-Lotto/master/lotto.csv
2017-06-16,Friday,6,943142,47,"626,878","740,373",https://raw.githubusercontent.com/heart/Data-Set-Thai-Lotto/master/lotto.csv
2017-07-01,Saturday,7,112360,26,"226,489","005,688",https://raw.githubusercontent.com/heart/Data-Set-Thai-Lotto/master/lotto.csv
2017-07-16,Sunday,7,820327,87,"584,835","390,823",https://raw.githubusercontent.com/heart/Data-Set-Thai-Lotto/master/lotto.csv
2017-08-01,Tuesday,8,756519,36,"061,386","787,989",https://raw.githubusercontent.com/heart/Data-Set-Thai-Lotto/master/lotto.csv
2017-08-16,Wednesday,8,715431,37,"115,302","253,945",https://raw.githubusercontent.com/heart/Data-Set-Thai-Lotto/master/lotto.csv
2017-09-01,Friday,9,143224,65,"345,679","195,278",https://raw.githubusercontent.com/heart/Data-Set-Thai-Lotto/master/lotto.csv
2017-09-16,Saturday,9,170143,71,"172,647","340,388",https://raw.githubusercontent.com/heart/Data-Set-Thai-Lotto/master/lotto.csv
2017-10-01,Sunday,10,880714,52,"611,726","462,952",https://raw.githubusercontent.com/heart/Data-Set-Thai-Lotto/master/lotto.csv
2017-10-16,Monday,10,413494,86,"180,971","128,287",https://raw.githubusercontent.com/heart/Data-Set-Thai-Lotto/master/lotto.csv
2017-11-01,Wednesday,11,533726,85,"165,425","485,036",https://raw.githubusercontent.com/heart/Data-Set-Thai-Lotto/master/lotto.csv
2017-11-16,Thursday,11,292391,98,"831,961","477,628",https://raw.githubusercontent.com/heart/Data-Set-Thai-Lotto/master/lotto.csv
2017-12-01,Friday,12,451005,33,"626,303","601,257",https://raw.githubusercontent.com/heart/Data-Set-Thai-Lotto/master/lotto.csv
2017-12-16,Saturday,12,955596,89,"616,836","290,938",https://raw.githubusercontent.com/heart/Data-Set-Thai-Lotto/master/lotto.csv
2017-12-30,Saturday,12,911234,98,"495,373","953,504",https://raw.githubusercontent.com/heart/Data-Set-Thai-Lotto/master/lotto.csv
2018-01-17,Wednesday,1,203823,50,"624,799","236,397",https://raw.githubusercontent.com/heart/Data-Set-Thai-Lotto/master/lotto.csv
2018-02-01,Thursday,2,026853,31,"106,947","181,519",https://raw.githubusercontent.com/heart/Data-Set-Thai-Lotto/master/lotto.csv
2018-02-16,Friday,2,309915,39,"007,388","230,748",https://raw.githubusercontent.com/heart/Data-Set-Thai-Lotto/master/lotto.csv
2018-03-02,Friday,3,759415,29,"318,870","589,723",https://raw.githubusercontent.com/heart/Data-Set-Thai-Lotto/master/lotto.csv
2018-03-16,Friday,3,218559,82,"064,720","205,489",https://raw.githubusercontent.com/heart/Data-Set-Thai-Lotto/master/lotto.csv
2018-04-01,Sunday,4,412073,85,"131,787","638,924",https://raw.githubusercontent.com/heart/Data-Set-Thai-Lotto/master/lotto.csv
2018-04-16,Monday,4,739229,60,"273,654","076,526",https://raw.githubusercontent.com/heart/Data-Set-Thai-Lotto/master/lotto.csv
2018-05-02,Wednesday,5,248038,85,"527,980","225,602",https://raw.githubusercontent.com/heart/Data-Set-Thai-Lotto/master/lotto.csv
2018-05-16,Wednesday,5,075629,20,"357,130","506,047",https://raw.githubusercontent.com/heart/Data-Set-Thai-Lotto/master/lotto.csv
2018-06-01,Friday,6,988117,95,"310,553","248,650",https://raw.githubusercontent.com/heart/Data-Set-Thai-Lotto/master/lotto.csv
2018-06-16,Saturday,6,223131,46,"432,507","132,868",https://raw.githubusercontent.com/heart/Data-Set-Thai-Lotto/master/lotto.csv
2018-07-01,Sunday,7,963623,83,"429,901","210,217",https://raw.githubusercontent.com/heart/Data-Set-Thai-Lotto/master/lotto.csv
2018-07-16,Monday,7,596324,27,"403,530","138,362",https://raw.githubusercontent.com/heart/Data-Set-Thai-Lotto/master/lotto.csv
2018-08-01,Wednesday,8,386602,78,"832,903","549,726",https://raw.githubusercontent.com/heart/Data-Set-Thai-Lotto/master/lotto.csv
2018-08-16,Thursday,8,586117,10,"670,340","815,591",https://raw.githubusercontent.com/heart/Data-Set-Thai-Lotto/master/lotto.csv
2018-09-01,Saturday,9,734510,26,"512,464","202,097",https://raw.githubusercontent.com/heart/Data-Set-Thai-Lotto/master/lotto.csv
2018-09-16,Sunday,9,149760,79,"323,539","155,297",https://raw.githubusercontent.com/heart/Data-Set-Thai-Lotto/master/lotto.csv
2018-10-01,Monday,10,452643,99,"726,594","810,561",https://raw.githubusercontent.com/heart/Data-Set-Thai-Lotto/master/lotto.csv
2018-10-16,Tuesday,10,200515,93,"186,392","192,212",https://raw.githubusercontent.com/heart/Data-Set-Thai-Lotto/master/lotto.csv
2018-11-01,Thursday,11,149840,58,"384,576","046,509",https://raw.githubusercontent.com/heart/Data-Set-Thai-Lotto/master/lotto.csv
2018-11-16,Friday,11,989903,16,"471,930","140,876",https://raw.githubusercontent.com/heart/Data-Set-Thai-Lotto/master/lotto.csv
2018-12-01,Saturday,12,021840,67,"045,307","561,988",https://raw.githubusercontent.com/heart/Data-Set-Thai-Lotto/master/lotto.csv
2018-12-16,Sunday,12,356564,62,"480,948","297,369",https://raw.githubusercontent.com/heart/Data-Set-Thai-Lotto/master/lotto.csv
2018-12-30,Sunday,12,735867,02,"031,913","701,884",https://raw.githubusercontent.com/heart/Data-Set-Thai-Lotto/master/lotto.csv
2019-01-17,Thursday,1,197079,65,"206,412","127,660",https://raw.githubusercontent.com/heart/Data-Set-Thai-Lotto/master/lotto.csv
2019-02-01,Friday,2,967134,04,"643,779","197,948",https://raw.githubusercontent.com/heart/Data-Set-Thai-Lotto/master/lotto.csv
2019-02-16,Saturday,2,074824,56,"881,910","612,879",https://raw.githubusercontent.com/heart/Data-Set-Thai-Lotto/master/lotto.csv
2019-03-01,Friday,3,345650,65,"137,999","830,837",https://raw.githubusercontent.com/heart/Data-Set-Thai-Lotto/master/lotto.csv
2019-03-16,Saturday,3,724628,64,"148,883","154,877",https://raw.githubusercontent.com/heart/Data-Set-Thai-Lotto/master/lotto.csv
2019-04-01,Monday,4,109767,52,"888,959","403,975",https://raw.githubusercontent.com/heart/Data-Set-Thai-Lotto/master/lotto.csv
2019-04-16,Tuesday,4,570331,23,"512,930","966,968",https://raw.githubusercontent.com/heart/Data-Set-Thai-Lotto/master/lotto.csv
2019-05-02,Thursday,5,061324,25,"043,476","374,699",https://raw.githubusercontent.com/heart/Data-Set-Thai-Lotto/master/lotto.csv
2019-05-16,Thursday,5,962526,71,"669,949","018,828",https://raw.githubusercontent.com/heart/Data-Set-Thai-Lotto/master/lotto.csv
2019-06-01,Saturday,6,516461,46,"589,713","215,560",https://raw.githubusercontent.com/heart/Data-Set-Thai-Lotto/master/lotto.csv
2019-06-16,Sunday,6,174055,29,"625,884","127,800",https://raw.githubusercontent.com/heart/Data-Set-Thai-Lotto/master/lotto.csv
2019-07-01,Monday,7,943647,86,"239,864","006,375",https://raw.githubusercontent.com/heart/Data-Set-Thai-Lotto/master/lotto.csv
2019-07-15,Monday,7,369765,88,"901,355","556,113",https://raw.githubusercontent.com/heart/Data-Set-Thai-Lotto/master/lotto.csv
2019-08-01,Thursday,8,387006,58,"135,983","562,795",https://raw.githubusercontent.com/heart/Data-Set-Thai-Lotto/master/lotto.csv
2019-08-16,Friday,8,775476,89,"149,912","563,580",https://raw.githubusercontent.com/heart/Data-Set-Thai-Lotto/master/lotto.csv
2019-09-01,Sunday,9,798787,20,"210,847","274,439",https://raw.githubusercontent.com/heart/Data-Set-Thai-Lotto/master/lotto.csv
2019-09-16,Monday,9,340388,85,"947,733","925,939",https://raw.githubusercontent.com/heart/Data-Set-Thai-Lotto/master/lotto.csv
2019-10-01,Tuesday,10,691197,59,"392,920","606,797",https://raw.githubusercontent.com/heart/Data-Set-Thai-Lotto/master/lotto.csv
2019-10-16,Wednesday,10,812564,15,"255,625","132,598",https://raw.githubusercontent.com/heart/Data-Set-Thai-Lotto/master/lotto.csv
2019-11-01,Friday,11,967375,79,"323,806","021,206",https://raw.githubusercontent.com/heart/Data-Set-Thai-Lotto/master/lotto.csv
2019-11-16,Saturday,11,017223,32,"164,640","085,194",https://raw.githubusercontent.com/heart/Data-Set-Thai-Lotto/master/lotto.csv
2019-12-01,Sunday,12,453522,81,"617,261","457,013",https://raw.githubusercontent.com/heart/Data-Set-Thai-Lotto/master/lotto.csv
2019-12-16,Monday,12,529924,97,"043,138","555,665",https://raw.githubusercontent.com/heart/Data-Set-Thai-Lotto/master/lotto.csv
2019-12-30,Monday,12,510541,81,"116,382","140,250",https://raw.githubusercontent.com/heart/Data-Set-Thai-Lotto/master/lotto.csv
2020-01-17,Friday,1,491774,68,"004,132","379,595",https://raw.githubusercontent.com/heart/Data-Set-Thai-Lotto/master/lotto.csv
2020-02-01,Saturday,2,589227,06,"259,552","375,927",https://raw.githubusercontent.com/heart/Data-Set-Thai-Lotto/master/lotto.csv
2020-02-16,Sunday,2,781403,94,"515,952","030,918",https://raw.githubusercontent.com/heart/Data-Set-Thai-Lotto/master/lotto.csv
2020-03-01,Sunday,3,875938,98,"294,328","597,780",https://raw.githubusercontent.com/heart/Data-Set-Thai-Lotto/master/lotto.csv
2020-03-16,Monday,3,503446,77,"258,726","404,661",https://raw.githubusercontent.com/heart/Data-Set-Thai-Lotto/master/lotto.csv
2020-04-01,Wednesday,4,051095,22,"285,430","191,364",https://raw.githubusercontent.com/heart/Data-Set-Thai-Lotto/master/lotto.csv
2020-05-16,Saturday,5,051095,22,"285,430","191,364",https://raw.githubusercontent.com/heart/Data-Set-Thai-Lotto/master/lotto.csv
2020-06-01,Monday,6,831567,24,"264,489","562,582",https://raw.githubusercontent.com/heart/Data-Set-Thai-Lotto/master/lotto.csv
2020-06-16,Tuesday,6,516967,64,"876,882","565,625",https://raw.githubusercontent.com/heart/Data-Set-Thai-Lotto/master/lotto.csv
2020-07-01,Wednesday,7,347258,83,"095,362","094,307",https://raw.githubusercontent.com/heart/Data-Set-Thai-Lotto/master/lotto.csv
2020-07-16,Thursday,7,873286,53,"510,533","682,494",https://raw.githubusercontent.com/heart/Data-Set-Thai-Lotto/master/lotto.csv
2020-08-01,Saturday,8,569391,92,"575,931","578,809",https://raw.githubusercontent.com/heart/Data-Set-Thai-Lotto/master/lotto.csv
2020-08-16,Sunday,8,945811,88,"712,614","364,733",https://raw.githubusercontent.com/heart/Data-Set-Thai-Lotto/master/lotto.csv
2020-09-01,Tuesday,9,999997,98,"636,725","342,957",https://raw.githubusercontent.com/heart/Data-Set-Thai-Lotto/master/lotto.csv
2020-09-16,Wednesday,9,244083,57,"127,220","623,853",https://raw.githubusercontent.com/heart/Data-Set-Thai-Lotto/master/lotto.csv
2020-10-01,Thursday,10,837893,59,"594,757","110,595",https://raw.githubusercontent.com/heart/Data-Set-Thai-Lotto/master/lotto.csv
2020-10-16,Friday,10,286051,38,"189,464","980,045",https://raw.githubusercontent.com/heart/Data-Set-Thai-Lotto/master/lotto.csv
2020-11-01,Sunday,11,506404,40,"154,598","062,245",https://raw.githubusercontent.com/heart/Data-Set-Thai-Lotto/master/lotto.csv
2020-11-16,Monday,11,972661,46,"368,741","208,255",https://raw.githubusercontent.com/heart/Data-Set-Thai-Lotto/master/lotto.csv
2020-12-01,Tuesday,12,100994,84,"093,776","834,984",https://raw.githubusercontent.com/heart/Data-Set-Thai-Lotto/master/lotto.csv
2020-12-16,Wednesday,12,201303,70,"377,828","072,517",https://raw.githubusercontent.com/heart/Data-Set-Thai-Lotto/master/lotto.csv
2020-12-30,Wednesday,12,803628,19,"336,804","321,924",https://raw.githubusercontent.com/heart/Data-Set-Thai-Lotto/master/lotto.csv
2021-01-17,Sunday,1,384395,15,"367,653","566,878",https://raw.githubusercontent.com/heart/Data-Set-Thai-Lotto/master/lotto.csv
2021-02-01,Monday,2,912307,97,"605,248","282,651",https://raw.githubusercontent.com/heart/Data-Set-Thai-Lotto/master/lotto.csv
2021-02-16,Tuesday,2,424603,39,"861,318","057,817",https://raw.githubusercontent.com/heart/Data-Set-Thai-Lotto/master/lotto.csv
2021-03-01,Monday,3,835538,73,"290,838","051,806",https://raw.githubusercontent.com/heart/Data-Set-Thai-Lotto/master/lotto.csv
2021-03-16,Tuesday,3,890422,19,"036,902","396,256",https://raw.githubusercontent.com/heart/Data-Set-Thai-Lotto/master/lotto.csv
2021-04-01,Thursday,4,472270,05,"755,283","393,577",https://raw.githubusercontent.com/heart/Data-Set-Thai-Lotto/master/lotto.csv
2021-04-16,Friday,4,100787,56,"013,143","264,478",https://raw.githubusercontent.com/heart/Data-Set-Thai-Lotto/master/lotto.csv
2021-05-02,Sunday,5,501272,18,"306,018","498,129",https://raw.githubusercontent.com/heart/Data-Set-Thai-Lotto/master/lotto.csv
2021-05-16,Sunday,5,684579,14,"615,843","276,970",https://raw.githubusercontent.com/heart/Data-Set-Thai-Lotto/master/lotto.csv
2021-06-01,Tuesday,6,292972,45,"620,193","978,723",https://raw.githubusercontent.com/heart/Data-Set-Thai-Lotto/master/lotto.csv
2021-06-16,Wednesday,6,691861,17,"054,007","447,668",https://raw.githubusercontent.com/heart/Data-Set-Thai-Lotto/master/lotto.csv
2021-07-01,Thursday,7,713517,29,"794,073","511,414",https://raw.githubusercontent.com/heart/Data-Set-Thai-Lotto/master/lotto.csv
2021-07-16,Friday,7,556725,70,"058,174","233,927",https://raw.githubusercontent.com/heart/Data-Set-Thai-Lotto/master/lotto.csv
2021-08-01,Sunday,8,910261,69,"103,307","004,785",https://raw.githubusercontent.com/heart/Data-Set-Thai-Lotto/master/lotto.csv
2021-08-16,Monday,8,046750,23,"421,666","160,355",https://raw.githubusercontent.com/heart/Data-Set-Thai-Lotto/master/lotto.csv
2021-09-01,Wednesday,9,114475,79,"278,302","123,458",https://raw.githubusercontent.com/heart/Data-Set-Thai-Lotto/master/lotto.csv
2021-09-16,Thursday,9,070935,90,"609,817","379,007",https://raw.githubusercontent.com/heart/Data-Set-Thai-Lotto/master/lotto.csv
2021-10-01,Friday,10,578171,83,"285,361","379,449",https://raw.githubusercontent.com/heart/Data-Set-Thai-Lotto/master/lotto.csv
2021-10-16,Saturday,10,386372,38,"602,964","295,798",https://raw.githubusercontent.com/heart/Data-Set-Thai-Lotto/master/lotto.csv
2021-11-01,Monday,11,045037,95,"247,458","331,755",https://raw.githubusercontent.com/heart/Data-Set-Thai-Lotto/master/lotto.csv
2021-11-16,Tuesday,11,032761,57,"648,471","844,245",https://raw.githubusercontent.com/heart/Data-Set-Thai-Lotto/master/lotto.csv
2021-12-01,Wednesday,12,077258,82,"739,740","401,485",https://raw.githubusercontent.com/heart/Data-Set-Thai-Lotto/master/lotto.csv
2021-12-16,Thursday,12,639235,83,"097,629","476,522",https://raw.githubusercontent.com/heart/Data-Set-Thai-Lotto/master/lotto.csv
2021-12-30,Thursday,12,819068,36,"591,979","419,547",https://raw.githubusercontent.com/heart/Data-Set-Thai-Lotto/master/lotto.csv
2022-01-17,Monday,1,880159,92,"731,786","119,529",https://raw.githubusercontent.com/heart/Data-Set-Thai-Lotto/master/lotto.csv
2022-02-01,Tuesday,2,944308,30,"942,061","509,485",https://raw.githubusercontent.com/heart/Data-Set-Thai-Lotto/master/lotto.csv
2022-02-17,Thursday,2,098597,57,"085,644","592,816",https://raw.githubusercontent.com/heart/Data-Set-Thai-Lotto/master/lotto.csv
2022-03-01,Tuesday,3,061905,07,"236,834","234,691",https://raw.githubusercontent.com/heart/Data-Set-Thai-Lotto/master/lotto.csv
2022-03-16,Wednesday,3,737867,03,"349,985","989,788",https://raw.githubusercontent.com/heart/Data-Set-Thai-Lotto/master/lotto.csv
2022-04-01,Friday,4,970618,10,"738,391","578,870",https://raw.githubusercontent.com/heart/Data-Set-Thai-Lotto/master/lotto.csv
2022-04-16,Saturday,4,395919,58,"289,859","413,508",https://raw.githubusercontent.com/heart/Data-Set-Thai-Lotto/master/lotto.csv
2022-05-02,Monday,5,658642,09,"778,518","041,325",https://raw.githubusercontent.com/heart/Data-Set-Thai-Lotto/master/lotto.csv
2022-05-16,Monday,5,155012,06,"247,736","236,540",https://raw.githubusercontent.com/heart/Data-Set-Thai-Lotto/master/lotto.csv
2022-06-01,Wednesday,6,319196,02,"679,817","213,652",https://raw.githubusercontent.com/heart/Data-Set-Thai-Lotto/master/lotto.csv
2022-06-16,Thursday,6,361807,92,"549,285","228,106",https://raw.githubusercontent.com/heart/Data-Set-Thai-Lotto/master/lotto.csv
2022-07-01,Friday,7,981417,61,"287,242","002,542",https://raw.githubusercontent.com/heart/Data-Set-Thai-Lotto/master/lotto.csv
2022-07-16,Saturday,7,620405,53,"159,834","061,279",https://raw.githubusercontent.com/heart/Data-Set-Thai-Lotto/master/lotto.csv
2022-08-01,Monday,8,436594,14,"893,266","447,282",https://raw.githubusercontent.com/heart/Data-Set-Thai-Lotto/master/lotto.csv
2022-08-16,Tuesday,8,331583,42,"271,300","284,876",https://raw.githubusercontent.com/heart/Data-Set-Thai-Lotto/master/lotto.csv
2022-09-01,Thursday,9,929332,83,"298,725","210,604",https://raw.githubusercontent.com/heart/Data-Set-Thai-Lotto/master/lotto.csv
2022-09-16,Friday,9,943703,75,"971,540","631,432",https://raw.githubusercontent.com/heart/Data-Set-Thai-Lotto/master/lotto.csv
2022-10-01,Saturday,10,484669,50,"206,996","194,278",https://raw.githubusercontent.com/heart/Data-Set-Thai-Lotto/master/lotto.csv
2022-10-16,Sunday,10,613106,15,"037,158","606,799",https://raw.githubusercontent.com/heart/Data-Set-Thai-Lotto/master/lotto.csv
2022-11-01,Tuesday,11,913106,70,"722,839","343,922",https://raw.githubusercontent.com/heart/Data-Set-Thai-Lotto/master/lotto.csv
2022-11-16,Wednesday,11,121789,64,"722,532","157,973",https://raw.githubusercontent.com/heart/Data-Set-Thai-Lotto/master/lotto.csv
2022-12-01,Thursday,12,375805,08,"170,786","409,421",https://raw.githubusercontent.com/heart/Data-Set-Thai-Lotto/master/lotto.csv
2022-12-16,Friday,12,845093,14,"912,411","855,593",https://raw.githubusercontent.com/heart/Data-Set-Thai-Lotto/master/lotto.csv
2022-12-30,Friday,12,157196,58,"007,522","250,425",https://raw.githubusercontent.com/heart/Data-Set-Thai-Lotto/master/lotto.csv
2023-01-17,Tuesday,1,812519,47,"389,443","564,849",https://raw.githubusercontent.com/heart/Data-Set-Thai-Lotto/master/lotto.csv
2023-02-01,Wednesday,2,297411,92,"181,789","101,664",https://raw.githubusercontent.com/heart/Data-Set-Thai-Lotto/master/lotto.csv
2023-02-16,Thursday,2,590417,80,"195,664","377,523",https://raw.githubusercontent.com/heart/Data-Set-Thai-Lotto/master/lotto.csv
2023-03-01,Wednesday,3,417652,55,"577,919","748,984",https://raw.githubusercontent.com/heart/Data-Set-Thai-Lotto/master/lotto.csv
2023-03-16,Thursday,3,025873,73,"420,800","355,544",https://raw.githubusercontent.com/heart/Data-Set-Thai-Lotto/master/lotto.csv
2023-04-01,Saturday,4,087907,99,"111,914","290,698",https://raw.githubusercontent.com/heart/Data-Set-Thai-Lotto/master/lotto.csv
2023-04-16,Sunday,4,984906,71,"670,678","797,551",https://raw.githubusercontent.com/heart/Data-Set-Thai-Lotto/master/lotto.csv
2023-05-02,Tuesday,5,843019,65,"500,780","269,187",https://raw.githubusercontent.com/heart/Data-Set-Thai-Lotto/master/lotto.csv
2023-05-16,Tuesday,5,132903,99,"739,678","693,731",https://raw.githubusercontent.com/heart/Data-Set-Thai-Lotto/master/lotto.csv
2023-06-01,Thursday,6,125272,09,"000,681","386,971",https://raw.githubusercontent.com/heart/Data-Set-Thai-Lotto/master/lotto.csv
2023-06-16,Friday,6,264872,30,"519,628","202,874",https://raw.githubusercontent.com/heart/Data-Set-Thai-Lotto/master/lotto.csv
2023-07-01,Saturday,7,922605,16,"281,867","491,947",https://raw.githubusercontent.com/heart/Data-Set-Thai-Lotto/master/lotto.csv
2023-07-16,Sunday,7,169530,62,"261,384","066,780",https://raw.githubusercontent.com/heart/Data-Set-Thai-Lotto/master/lotto.csv
2023-07-31,Monday,7,260453,11,"268,708","387,601",https://raw.githubusercontent.com/heart/Data-Set-Thai-Lotto/master/lotto.csv
2023-08-16,Wednesday,8,471782,67,"431,739","737,742",https://raw.githubusercontent.com/heart/Data-Set-Thai-Lotto/master/lotto.csv
2023-09-01,Friday,9,915478,91,"521,596","692,291",https://raw.githubusercontent.com/heart/Data-Set-Thai-Lotto/master/lotto.csv
2023-09-16,Saturday,9,320812,46,"037,699","057,344",https://raw.githubusercontent.com/heart/Data-Set-Thai-Lotto/master/lotto.csv
2023-10-01,Sunday,10,727202,66,"355,324","426,615",https://raw.githubusercontent.com/heart/Data-Set-Thai-Lotto/master/lotto.csv
2023-10-16,Monday,10,931446,44,"167,398","272,970",https://raw.githubusercontent.com/heart/Data-Set-Thai-Lotto/master/lotto.csv
2023-11-01,Wednesday,11,743951,63,"335,913","019,349",https://raw.githubusercontent.com/heart/Data-Set-Thai-Lotto/master/lotto.csv
2023-11-16,Thursday,11,557990,14,"346,412","778,961",https://raw.githubusercontent.com/heart/Data-Set-Thai-Lotto/master/lotto.csv
2023-12-01,Friday,12,251097,91,"055,265","092,280",https://raw.githubusercontent.com/heart/Data-Set-Thai-Lotto/master/lotto.csv
2023-12-16,Saturday,12,356757,85,"058,410","584,964",https://raw.githubusercontent.com/heart/Data-Set-Thai-Lotto/master/lotto.csv
2023-12-30,Saturday,12,625544,89,"600,648","882,456",https://raw.githubusercontent.com/heart/Data-Set-Thai-Lotto/master/lotto.csv
2024-01-17,Wednesday,1,105979,61,"429,931","196,635",https://raw.githubusercontent.com/heart/Data-Set-Thai-Lotto/master/lotto.csv
2024-02-01,Thursday,2,607063,09,"454,943","544,591",https://raw.githubusercontent.com/heart/Data-Set-Thai-Lotto/master/lotto.csv
2024-02-16,Friday,2,941395,43,"056,330","587,375",https://raw.githubusercontent.com/heart/Data-Set-Thai-Lotto/master/lotto.csv
2024-03-01,Friday,3,253603,79,"900,975","382,703",https://raw.githubusercontent.com/heart/Data-Set-Thai-Lotto/master/lotto.csv
2024-03-16,Saturday,3,997626,78,"571,509","794,329",https://raw.githubusercontent.com/heart/Data-Set-Thai-Lotto/master/lotto.csv
2024-04-01,Monday,4,803481,90,"122,809","559,947",https://raw.githubusercontent.com/heart/Data-Set-Thai-Lotto/master/lotto.csv
2024-04-16,Tuesday,4,943598,79,"729,727","154,200",https://raw.githubusercontent.com/heart/Data-Set-Thai-Lotto/master/lotto.csv
2024-05-02,Thursday,5,980116,17,"104,763","634,833",https://raw.githubusercontent.com/heart/Data-Set-Thai-Lotto/master/lotto.csv
2024-05-16,Thursday,5,205690,60,"885,747","137,070",https://raw.githubusercontent.com/heart/Data-Set-Thai-Lotto/master/lotto.csv
2024-06-01,Saturday,6,530593,42,"194,364","421,734",https://raw.githubusercontent.com/heart/Data-Set-Thai-Lotto/master/lotto.csv
2024-06-16,Sunday,6,518504,31,"016,428","426,447",https://raw.githubusercontent.com/heart/Data-Set-Thai-Lotto/master/lotto.csv
2024-07-01,Monday,7,434503,89,"839,975","647,778",https://raw.githubusercontent.com/heart/Data-Set-Thai-Lotto/master/lotto.csv
2024-07-16,Tuesday,7,367336,21,"011,331","421,618",https://raw.githubusercontent.com/heart/Data-Set-Thai-Lotto/master/lotto.csv
2024-08-01,Thursday,8,407041,46,"408,579","622,070",https://raw.githubusercontent.com/heart/Data-Set-Thai-Lotto/master/lotto.csv
2024-08-16,Friday,8,095867,28,"212,334","697,728",https://raw.githubusercontent.com/heart/Data-Set-Thai-Lotto/master/lotto.csv
2024-09-01,Sunday,9,199606,94,"173,220","094,388",https://raw.githubusercontent.com/heart/Data-Set-Thai-Lotto/master/lotto.csv
2024-09-16,Monday,9,608662,37,"230,904","008,408",https://raw.githubusercontent.com/heart/Data-Set-Thai-Lotto/master/lotto.csv
2024-10-01,Tuesday,10,718665,59,"053,812","079,566",https://raw.githubusercontent.com/heart/Data-Set-Thai-Lotto/master/lotto.csv
2024-10-16,Wednesday,10,482962,00,"561,648","493,919",https://raw.githubusercontent.com/heart/Data-Set-Thai-Lotto/master/lotto.csv
2024-11-01,Friday,11,536044,32,"174,225","063,231",https://raw.githubusercontent.com/heart/Data-Set-Thai-Lotto/master/lotto.csv
2024-11-16,Saturday,11,187221,38,"036,923","980,547",https://raw.githubusercontent.com/heart/Data-Set-Thai-Lotto/master/lotto.csv
2024-12-01,Sunday,12,669843,61,"559,626","098,654",https://raw.githubusercontent.com/heart/Data-Set-Thai-Lotto/master/lotto.csv
2024-12-16,Monday,12,097863,21,"290,742","339,881",https://raw.githubusercontent.com/heart/Data-Set-Thai-Lotto/master/lotto.csv
2025-01-02,Thursday,1,730209,51,"446,065","376,297",Manual Search
2025-01-17,Friday,1,807779,23,"961,699","448,477",Manual Search
2025-02-01,Saturday,2,558700,51,"285,418","685,824",Manual Search
2025-02-16,Sunday,2,847377,50,"268,613","652,001",Manual Search
2025-03-01,Saturday,3,818894,54,"139,530","781,656",Manual Search
2025-03-16,Sunday,3,757563,32,"595,927","457,309",Manual Search
2025-04-01,Tuesday,4,669687,36,"635,760","180,666",Manual Search
2025-04-16,Wednesday,4,266227,85,"413,254","474,760",Manual Search
2025-05-02,Friday,5,213388,06,"826,116","167,662",Manual Search
2025-05-16,Friday,5,251309,87,"109,231","965,631",Manual Search
2025-06-01,Sunday,6,559352,20,"349,134","307,044",Manual Search
2025-06-16,Monday,6,507392,06,"243,017","299,736",Manual Search
2025-07-01,Tuesday,7,949246,91,"680,169","918,261",Manual Search
2025-07-16,Wednesday,7,245324,26,"995,171","084,336",Manual Search
2025-08-01,Friday,8,811852,50,"525,142","891,512",Manual Search
2025-08-16,Saturday,8,994865,63,"602,247","834,989",Manual Search
2025-09-01,Monday,9,506356,31,"131,012","022,209",Manual Search
2025-09-16,Tuesday,9,074646,58,"740,512","308,703",Manual Search
2025-10-01,Wednesday,10,876978,77,"843,532","280,605",Manual Search
2025-10-16,Thursday,10,059696,61,"955,531","889,476",Manual Search
2025-11-01,Saturday,11,345898,87,"449,328","111,690",Manual Search
2025-11-16,Sunday,11,458145,37,"602,242","389,239",Manual Search
2025-12-01,Monday,12,461252,22,"655,389","137,995",Manual Search
2025-12-16,Tuesday,12,763895,52,"431,176","014,449",Manual Search
2026-01-02,Friday,1,837706,16,"694,347","288,765",Manual Search
2026-01-17,Saturday,1,878972,02,"299,815","662,363",Manual Search
2026-02-01,Sunday,2,174629,48,"917,195","408,041",Manual Search
2026-02-16,Monday,2,340563,07,"527,241","578,169",Manual Search
2026-03-01,Sunday,3,820866,06,"479,054","068,837",Manual Search
2026-03-16,Monday,3,833009,64,"510,983","439,954",Manual Search
2026-04-01,Wednesday,4,292514,47,"406,113","851,098",Manual Search
2026-04-16,Thursday,4,309612,77,"355,108","868,424",Manual Search
2026-05-02,Saturday,5,536077,43,"267,318","065,153",Manual Search
